user,reward
0x1Ce2dB664943433bDBB72EB7AE3bacFcE26ba2ca,441233467386470528377
0xDd3152E1dD2154F688ef45A2c0B71d822b2f172A,30462809523503655259
0x3885cED126E499E409390F78cCE16aC06Ad49316,9938155675141786296
0xDA051a020725a03057f46a222573B62D33BC89Fa,1690469318781710165
0xe66B6974ED4586458Be509F77B9b4Ab0b4aDA71d,1650431794955368807
0x660eFc1F1af3f80e448f411371B973BB004D843e,882757817787570211
0x945294C67752BD0A453975c04e3078c487a858df,843895544193821142
0x865FCDA847083C81E9c3FdF0e4612E13bf5086dc,729194981511827224
0x133984DDb93E338e4D49e7609B8B811877953FAB,712327323696628722
0x2dA14D486aE663347e2e69a0189c0aE36248F681,689466093489898058
0x88dAfd252a47b91CBbf1a43F7AAE449076c06328,598011907599973903
0x29f15ab7deFF7C1aCC7b67363cd56ce22864C3A9,495219450579680454
0xf99CF6Bfbe6A00747902197B2baFbD7365E464D4,404912206899553717
0x03e7ab483eA1d177E4BE2472bF16cA17B8cF280d,294107589427908041
0x2bcd8898A678050EFA5F41F4c6012045dee1B5c3,233264640931264641
0x220a6CB04d48CA2c33735E94DF78c17F8B0F7C9F,227102933434967085
0x9c5ECEca4DA47c365b12e69EfC04645cD300433d,220851307583340809
0x772F02D96a8baeEaBB2f1d5F8F0250f44dF76e91,208084618311700946
0xAd789Eb3042dDE224CbBcacf0b57399de0807502,207608127449096109
0xB3623D62FF30fadB5B2e127C07cab0D1b0808276,195847222386747270
0xBb18ed77983c6ca915f6F0fe39963e185BF1064f,193297115279733440
0x2f6d342D8F226D64FA4de4B89d199e07C358659d,193021098011690386
0xF3AA68cADB8F25Ad25b054841df221d234b8b374,176048785608501616
0x0B02fA43a9CB92E92a49BBbcD7E10111C05F0BeD,163333191734427131
0x07d65EeD5BBfFc7A7fb767b1d9b2E008F9bcE0A3,158466926465897041
0x2Ec850577994222B252EBf7D980f114930f430bD,158443907047651454
0x7c7dcA16E840832eCD68c287e16DC5a59f95c805,134122272865217696
0xf626e9A2FDDbf55b0b1A87C56128A7ba6723A85a,130073645246841419
0x16E40CBF5c1bB4aAb07f47F59d0A58461F88Ed74,129395857422248688
0xcE10C23561Dce134ae20B32f8166A131c741F463,128947770069673644
0x38940B5dd4b833b6DCB18a60026726544306931D,124872449835344958
0xbf396b3182b53AcFc4156801184C63239D4F8a19,111523648780452016
0xaEB897D84e086f0A4Cea3d47fdDAc7cA7d9e54e8,108652912474368078
0x57E959dC6EBb5FF64228a5a936621CC7c5Ef8755,105137771818212986
0x3e00aEe52066ee270f8BadF0B5bb41993f057321,98299082302726012
0x9A1B360DDb1Dc65b9cB790138953Ca0d26d9d24B,98270344102272798
0xd0306ef57a544C58F925d574dd4B989c27a26ada,96826832084675889
0x76bdbE477255820Df76D000262F1b9773F5d922A,92425612444463348
0xcd088E347aC400327Ed62494FA274D5E69359FEa,90665124588378332
0x01d907F5048bb554DC70bB9B369Be9C7b2aE686E,89561917879499092
0x7A300fc5a947330ae0cb1797d5dA0a6167c41faa,88024392804250808
0xBFa9DCD2ffb681e1AEE3Bd191154e67CB4739Fd5,88024392804250808
0xbFc2749366F5c75Fa59c135f2a5a926054aaa606,88024392804250808
0x4Db7a5D9068c1C40064171a787f287762987811E,86307820696223839
0xD66fa7a53803E34fAd9A0eCbd52111E93d0B3542,82187434305963869
0x29Ada25321b2b51420f9796369a02274c4Fe2d03,76706181066419972
0x8d02e580ed45631D5C8b53352add7A5154988b3e,74908758276417437
0x2bE7fc85607852bCFa2F2AbC0720460695589C50,73767569309954412
0x63dC9ce8413b7c30A9DD25dC21B48f255E036DC2,70295639483665196
0x617743cfa4D5c3c220762E6AD7DBA6f2A4A8C85F,66781230891349287
0x7928A66320e3799a935a877A70EB8567b7C17A75,61996409436195988
0x18F08ba90C58fC84767568b5D26b41fCe2aF539B,60517612301631975
0x2bD5677433924605EfFf67eE4A3DcecD97d086d6,60297552897809179
0xC5Df8694911835d62920a9BD293A8d9CdF788d89,59864969970127329
0xed686C1AeB272Ff9578Fe2B4cF09fA8225E6d930,57312218871636736
0xAC82362174A32fBBAd61Efcb0f02b9016B20C768,57215855322763025
0x24e30a357Aa3DC37739Fb1F084913F66C04f8B4b,55381632216491669
0xE945BfDE6344f64062B43B1C2856C5Fa5D58600E,52814635682550484
0x24840a0fea77451054BA076DB3cA708A3A5b7b77,48606784262515275
0x338f800bAe996aDD10E1A9f4C58e80D53f40d84D,48413416042337944
0xA50b87f8C860F79F2C38f39A0B5f1991cCbd2177,47473878822442686
0x8103E86917fE388E16339B83a6F6880c572Db314,47136101374771067
0xff6a726f83286D8f54273b5B816762dFEE47419D,45772684258210420
0x54E5C66601b8e9386f0D74b4BD2932A3CFcDC833,44306539563042494
0xc7aE3cDeEEF0f3678BBAbD9589d1FE0245D672D8,44012196402125404
0x064cB0bB4c8ABE11935134aEE670C032D6833556,44012196402125404
0xb3467880204D2A2d5dbfF08Ee67584cDE9035253,44012196402125404
0x302C469a8e85d9f6d604D5E7CA4836b86220D22f,44012196402125404
0x4B437d7896087454b5A956e88dDb8c2B76C9DC54,41613083629999951
0x9aaf68EE6A063979c1257B0Fec1875E16D40C11D,40814693324325513
0x97E0a1f28c9fff064b2DF8aBbF6a5d4dB374a823,40559881484665098
0x5fe9C1dC216EB6F92e2a6f6c8f8138013eBc5755,40469251590129353
0x08Aaa30a8a9BB3320ec82BD254AE08211dC24152,39555041836842942
0x00d5BE1832300F59a914c78E25acba7fe0568A91,38758364310132804
0x4d8515934a0b5D801d5d20d501F3a429002Fd986,38730732833870355
0x5Fb452fc780868A59965B2469BF603bb5fCC75e8,38330707747559739
0xEBc032a029EDa4753470692FD8a1a1E3464BB054,37638694737755292
0x0f193b940E0E1779f09c3ce34E7f01bc8E80aC6E,36970244977785339
0x275b47e023911109E1d71Eeb0f42E2E0c90cCd8a,36906237597619168
0x8a39a1828BaB79a32d1006BCC780e1e606B3657E,36872268080917388
0x799c04752dc44A9BB189bE597b99952C88809Cf8,36612697029709507
0xDE74D124B046aD84e2D055f73e0dd10765339B94,36180776119128403
0xae0A8fe22C77F91eE62cbdE602c23C656CD15Ca4,35651373202589449
0xe9Fd9abCF25471a003c5446457B915bb1Df5845b,35435924891160969
0x345ebD1b3C20A7c249F9a8F1B6fcde7E531F2985,35209757121700323
0x7e580B91b068CDb4C48e5A893D859631F71A3569,34757261531484868
0x2Efb5F477D1e711C58809Ac48228c9d56dFAeC8A,34179704104126296
0x3A2894642CD0eE6bAFCB3920a447D5DAD2f1c6D3,34175849023825127
0xc298c36eb5840A4b0e5BFb4145742b198cC9ceD9,34174638319971043
0xb2639B276120f1b47829faa327D08B654e4B8328,34131701672918817
0x2D21c492351e8400FeADdcEE68841f4eBB82C566,32569025337572799
0xE9F41a0090fcc7eaf626037003AAD44B17098E7C,32037653292028784
0xb300AA30dD33e1Ae849Cb69FA23D6Ddaf90a69BC,30808537481487782
0x302a6E2774a4dC6F2c7ecFBea9168abb7CCEDe06,29816136556378401
0xA52071213De26d2c078AF92911e75E03c32738C0,28796135005881332
0xd56F2E35a32Ad7366F3bafCc22900bb200ba293A,27897417928543521
0xaB0D6eB6F2057d4f470Bba555Fd2b11bE4e2C3e0,27600052126131635
0x519856446758C76D762CcfEb7B8Ea47B674362Ec,27525890056699117
0xbb6FEe4D8B8A121A56AdBBaB64f12792aAA34cD8,27221670825714134
0xeB0e6eCD0E78B0a84eCD9663a041F453C454a99D,26407317841275242
0x79Bdda65C706CBdA69C0AD4C8da1d3e91724f48D,26407317841275242
0x83bbe9CFCc205bb8E53cBa0b51d6db9386CE58B5,26407317841275242
0x0087B8616714e74d681430bf4F9A1189965bB16F,26407317841275242
0x8Fc642d66492C830dA43D95da7fE3F027F4F3246,26407317841275242
0x4E376347a9a778c1e27C097e1b4719246D26868c,26407317841275242
0xE597d96AfA6f15Af67a72477b62464A7168BF8ff,26407317841275242
0x9B2855918FFF918739D96b1d930B1b3e3a0a9500,26407317841275242
0x368DD8f7A3FB3425D437eDA7C4391e812E572003,26407317841275242
0x6439f5D99c85A66a3dE6D2ceE73CcC4E2B011aEe,25964613082373949
0x854120A2236715906660D34650d117392Fc73BD8,25531706473232948
0xa7016B69BbE205e97547b168Aa5189a2767A7c68,25482932724358089
0x9830d6B37fe7488707cC4AD7F8B481D75eB2a8C2,25258451184812414
0x511ADc275852Fcb71daF58Cbb4e895a081C0c737,23077928822087611
0xE4FB7e45f7d3Ee5C36Fee81e443dCa88E5Df2384,23038800377442172
0x67A9360e99312eb96609a5CcD2958fe37987CC31,22886342129105210
0xBF5310fAe4D7a0C6dF0452bCDA09aEFA2748Ad59,22006098201062702
0xbfC33CB98BABCF67B4E6DD6aA3B704B58fAAe089,22006098201062702
0x9A36cDc44c72F5014228c34353f7Eb258277FC1b,21907070759157919
0xFb60594E45CFB9A5E823fD991cbd2cacA82a1E77,21895687122121636
0x91F684d70ced2D9789b1AA89F996b55EaF05eE8a,21301678302285059
0xD8E5A6C7cD33d29778CFF10ab27333e41F520965,21274599545958707
0xa60A19fAFdc5167De931f807c147CDa5eD6d4340,21105050733819730
0x797ae17ab4fDa327E0697B99E5671E5e963A8838,21037829880215943
0xfF75638b839dD7FEc98A78126DF033863651880c,20776350930576574
0xfcA9895a7dd0545C3D648f7EF235E546053946Ca,20735079056737797
0xf026a6992993F55dd59500A6faD32DD4D4C82042,20604009429500894
0x0c74d9E478Ec897aF92E57911cd985978A3597D4,20245610344977685
0x0A389C8C7101409831E81C82DCc9cdB13dfB4E39,20245610344977685
0x60e4e12a561B08a11d6eA9DA61d41e3844662c4F,20212085240175467
0x7Cfe310b31C71C45a8141326Cb73F7e248a42bd1,19904180057694078
0x26542d0Bc93A63c141A21956337f18773B237882,19557492553131532
0x082e4aC6F1bcfa6B31f4525FdFE30C685DF759eD,19365366416935177
0x6bF01B0b25d9d1eA64ECA521b8014FA78480b3eF,19365366416935177
0x9D3C53321cFA9D08660aD32e09C7Ef2625b16E67,19325319999197164
0x9BD215C2530dF574657510B2F991d5C326df7C50,18856689548057546
0x8914AE3b9da2c949EfB986e46701f40b480b1fd0,18522598238219778
0x05916A13d15EC698Ec86C1b2961bed296B3Ba8cE,18282534187246932
0xb4796Bd982e1a60d3b958078f79232B065958414,18120173356326245
0x96e00D2c7a8698C17D9ed5BEEa27949DcFeBF80D,18113612997284873
0x4cd1F8562243D8715aCf220F76bD7d41243edF30,17692902953654412
0x557cEE07243d4E188535C857F20324BaaE270E3e,17604878560850161
0xC32b7438b3dF7844c9eE799930a2224Fe6E26426,17604878560850161
0x9fe460b9689CdcDAd1D562B7e6ad5BCFcD4a2DCC,17604878560850161
0xb8b30758200475100082BC18D4C0495ce252F762,17604878560850161
0x854759239C4B9d1803718F39Ca9b40860d78Cb76,17604878560850161
0x41ec28eceb137789032B2B505A57c1dA829934CD,17604878560850161
0xE4036Aca909cD049f9A7b7333961E1C1Db7fb35C,17604878560850161
0xbcFd5B70c3c85fefD61B3418e8Af40709D06200F,17476702073490618
0x8D17851c043dd69EE8ba1e68fB8300B80e8E7Bb4,17393399144694023
0x4A991d5B7536a649A0A06e151C690013Eb52244d,17329569464572845
0x2c47f450D06132Fc3ef54AD8336212ADE35A7841,16180187854625004
0x343C423f31078293587b2396AfB413c2E1854A85,16076687077375563
0x5BB8A50aEB36efd77D1F66Ca72BFe7169A2B3980,15900220990941915
0x9dC552A659D48c4479E2231E56a9f93161483Ee8,14964146776722637
0xb8e943d7cD1cec0213B0c553afF9a2d2891EF88e,14876122383918386
0x1b6A83F6fcf3AB0879199350f4556AEcf42A6180,14512551215648949
0x85D4691802DDc3cE58330aA90fc8374ED5720484,14509048440314549
0xcc6F78E860972d94EaA81a6C6E1987B96ca1FeA4,14490153523792945
0xEa53ec04b8c2f5E34e890DdB5aCA821A9f92ee79,13696799723225017
0x288A4e70Eba5d4f92e28F8CCc561E9fC947304A1,13467732099050373
0x87c1dD79107f8f3Df27212115eF5cD55C6D29E6c,13424600146576290
0x6eC8B8Cec5645066FDA40C6c6D6C3B749A565755,13203658920637621
0x9AeE301D7B11a6dc7293B7b6ba5f11cd048590dF,13203658920637621
0xA7FdcB2cabd232B02E2608E4d6a11E3707bE5683,12939585742224868
0x44E69B036c40f8F77146984b55D8AfE5fe23f135,12794403490506897
0x8c6fDBca2070590D7f2cE5b2c1ED1C305D968E5D,12543751210350283
0xE8e526279f9F911d30c5EEF1b66c3f45D91BdFcc,12491429805844496
0x4B54ac37aC794C842eD244572Ad2ad760b7AAaf2,12419293220278198
0x9a517EaCDF08bAD4aAd50CaeC58066EfA63702Df,12391529106074592
0x1a7Bc3953662bFf98Cd90dC5929F61C5B8892E14,12371380136266688
0x36c247C0dcd07E14af73E56Acc326901720cabb4,12323414992595113
0x84018CDbfF6Fd6cE5bF5932Ef2214Ff9723B9586,12059167162609336
0x8659E896bd1d7a32e2eFC9ddC097f66a330D8F6d,12037872478749459
0x952257D4dc22eF4eb1547C2459fd8257E57a7330,12032494374377064
0xEab804590011d0650FcB6c4Da1870C6e9ca062D1,11997314287770754
0x01C2B2756d35e8db931698007985A5AB7fc419d5,11938759498894628
0xf76400bE96d91E4d645e7C8Cae70C0886DfD170A,11937354170313345
0xf75729DCA43E96dc38F519d1dbefB950Ae95A507,11929686308088215
0x23802E21c6cd72C091792BfB9f7afC2265cc68d6,11608071258083055
0x9c8A57a6D9d42EFcBD560D5771a07a4227572d74,11443171064552605
0x7e42651B16a4De76689106c7E0716B51Ab88736e,11443171064552605
0xAF48F431dC82CD8cE3c9C30fcAA9f5FDca1F41e5,11443171064552605
0x983f75F8A4b4Bc46cbA89723bEB6c3119c5B19c9,11340056775839054
0xc475837BB1bd4922e1DC002802f8e2293e121eF8,11267122278944103
0xcF84BD200Fd767B4c02e5c892E38adD842FC8a6B,11171017340027928
0xf1f57B31a953f8e481C5c8f52fe38600268dBa14,10774575912126552
0xb8920e475E32B807cE51e0eF823fE070D7D96e8C,10634702301657467
0xa0Dd82437fd076bC65a5DEd54150e0904924F22D,10591435710622376
0x3947217dc84E655d42371683A5b80f461903b294,10562927136510096
0x6b0125F1356C12fc4CEe7e941E03A7bD5B4c8100,10562927136510096
0x3CA9444e83d2b3AaAb5F22495E8315781B943BE2,10444189651097529
0x607ea334Cb2B7C52514d03Fa3907f1F6607C8dC2,10386878350901595
0x6f100C673F2b6D6b654D1bD4376EE81ED683E025,9854724665754031
0xbc6230C05952B65c21603514Eac5d7Cb7e56ca96,9711245102407923
0x051a3190C9342211Eb311723B23B8c7cBD7b5a5D,9685175031427411
0xd5514aD178D06F4Cbb80A48F92a11024EA1B9593,9682683208467588
0x74b993b29F0833cbfF05eC6cA1D8513079bE6523,9682683208467588
0xC6521Aa63d4C6c6A58537636E202FDe7C2fA7aEB,9678029778111614
0x525868063dfB084A3542e2DFeb60D81e21d79c31,9613406928229980
0xe0BB2C51A9903736A91981292821D48e1535d223,9559476305461629
0xDd0A537EbBDC26D3312da75245d987B9F4ec0C34,9382432004612289
0x9Bc54B27D43c0DE1683ce9f9266D6bC22F687c3B,9242561244446334
0x1B1c30504C6A80E81c866895867d71d31eE95528,9215065563906615
0x4F12dDE972145543854482698c0c6b689908C1c5,9195489985246436
0x9616766C0Df03668Dd0C828b5dB455644998f037,9170611487227396
0xef68A8F68f387377c71F6A86b7e7f98B8413471d,8899266112509756
0x952597306987A54b20D70d629cf8b564108Aa167,8812121963633548
0x1326cfA027c77D5DF1BBC3C2c8E602Aca3D157E5,8811854042238411
0x6718A489E98E2501c1b042Ac76a7fF222CAe6990,8808012082056456
0x121E1573B7C6c15Aa4C036d54BFd2974Cf38a163,8802439280425080
0xC0eA3aFEb9A83EF8f83A5Df7C563a3b7c4A5fAe4,8802439280425080
0xD2557f6eB5559AB39180c8F76B59B33A5401EB00,8802439280425080
0x84DF26b640239Ec5DdDadE55D53D2279376D10A9,8802439280425080
0x8af2CC382A57eF846c147669e050a3e5A3804cDF,8802439280425080
0x67Cb02e30F1FeB871bC19a9c16D0C3DC3E1D9fB7,8802439280425080
0x0057Be07BEEF5D9B4Beb9e2d147906e83d1915C8,8802439280425080
0xc2ef1173a4B051BbCc4474c407BBb2ac7E02e363,8802439280425080
0x2692413e283367eBd8e230eD3E306665887F76e4,8802439280425080
0x5A89cC66702c500dBfAb256B78E5462732DF3E54,8802439280425080
0x5ECc25D1f658Af69D9b59FcaEdB2D9Ee38254036,8802439280425080
0x45e0d89030D216290a865b4B6eeb9a07f1Fd232d,8802439280425080
0x6E3F28800035DbC7357216D954fC6d58E6Dbdb85,8802439280425080
0x3c8D349e229941885949E846410bd0DF7E663118,8802439280425080
0x61cfAA80817924fF93c791841A7C774d4820b999,8802439280425080
0x56d5c4b67966EfCACf9188FE74b4399372d1499E,8743362089020575
0xaD510c7675AA3cAA99E498e41763d5A2be024ECb,8743180392801811
0xf77506DAc023A7483B8ec308b387aBb161Ac4fa0,8601257069632664
0x8a371e00cd51E2BE005B86EF73C5Ee9Ef6d23FeB,8586476412299145
0x08F76dFa9E1f04D889DED1eFE941f6d9E2B3E429,8534234784601716
0x62440301842152aB442D02e36909337D1AA79F5F,8491824905459362
0x860b3630a3534f707D1DC7b98757BBEC8446d736,8347993849183044
0xC6A61d9856CE1beA14861860714A77342FeF7952,8323530100686214
0x3BFA437F9d5c0318cA78668836a15F528497d76f,8071949915225110
0x045C80311942f3D5E37b6C6991358a8bc3dCdbac,7922195352382572
0x94F1684b6D1EE194Ac5F31c4BC76e29bAd42AA85,7879503521872511
0x2654DDf31E5D8DDA52fE8C1D759Be186D316d8A6,7720931975888019
0x0fD90B9D61af052C4328BC2Fa9A1529627af0a7d,7509183003395068
0x1e7eC322ADb6f7DE3B371B9b7AA118936F0bb641,7445840802090861
0xDdaC95994D0C3B6773801D26210e2b6b2F8e8dab,7138778256424740
0xF851CbaEc4C1FDe75b25EF1C2C14EE2C327134AB,7126163278831649
0x38ce8d007F1F7431664BFdc526b30e52eC1f53CA,7067926995975891
0x72f9aC3AF94EE6cF98179d9831a1ac6D21596684,7041951424340064
0x26C220aDFC6179A9CEe36A6691521120A6f9ed73,6883518422022577
0xCBDd0A7754C09A3b3431D8185e2bE829FD3F22E9,6755543236831484
0x51A122d367651854754a03effc4C18055332AB44,6681393909455673
0xdcb6F04fA40de9B5F6Fc613FAB1d5fCe5845F5Fb,6626916412268022
0xb31F7728AEc8EdB9DC68F3a84947684FEc33A4fC,6534356248696266
0x8d1509e0240EbA23CCCD58941Fa2b5D7fF1fc70f,6161707496297556
0x4BAA03E28169175004Fe998E1a7a0c7b7188CF3A,6082647803884411
0x2585247DDeB117710094111906AA2D1ff223A032,5947273510988629
0x15C9aE61F5e189af05c21834DA316006735450E6,5932818656727440
0xFfb1F2E4d1729d4e4Db62D057Fa33F314753fF02,5864444267151680
0xd0793C144c7E09c3D7e0da7a8384c31D0577f838,5817320550224871
0x6C139235cBe03A66373B94d849163152e7045bcC,5721585532276302
0xa54D6FD8143Af647F49D57f98db806376040868a,5688760780252661
0x233ED7E3201808F96C8fe909CBAA8466AE893352,5602006039326192
0x925030586AEE5426E5A828c5C1b595727353daDA,5553061347048267
0x8DBc169a6fb0FE34149a4BA21E51DC31d1f677EF,5503655122582288
0x5dA68351bD082aBDA73E42Ac981dB51d9364fe69,5386204885832801
0xECB201475Da2315116e053f5bb68C7eb5CA0D3eC,5351756616021652
0x368D68332de40890E6729cd9Ba394De9cBAE0a0b,5334554915443066
0x5b6De4e00789527570722dD47abD0dF1f3Af3E7B,5281573887569230
0x6Eb441d00e50c06D220832C48F6798cf8693aC44,5226773867366451
0x00409fC839a2Ec2e6d12305423d37Cd011279C09,5137676342127416
0xce355a1bb38240450C09333ee60902bCA1521F2D,5118290098678600
0x5C2061bBBCd3dD45EaD3E6eedde812B3C4dbb9D0,5035216448208896
0xd5dBb9e213545a4d8248d671BfCf6E5fa6E72fAF,4994804090036665
0x91aC14C7d856a9B786e25b2d505EFcAf6B5cB180,4977411213524833
0x71f73444F20EbCf32905995Cb48EfECbe2901c05,4753317211429543
0x041EBB58dB319690823589dE26360b84Dc8DBC17,4742502047468937
0x6357E06aCFd0cE12d2D93176fB4E9d4D2200D3F1,4733977062195873
0x66A49eF947c64dE9297150DDCd0056bF1D3071Cf,4668489805391700
0x8B961a604d1d06264431D2807d40dB880D47905d,4626519952843055
0xE991c733b74aC6EABc06ED50A7fFB2Be5B221874,4579547223338081
0xE38dd570aA7c0dE83d3E7FaA4C1524B8e398030E,4511388216808830
0x48A64C3519ECf8F3a6875dF3eF27236065DcFCE3,4489244033016791
0xEA2F79BCE55908A11E0BF7dFfb855C962041674f,4462128253851177
0x403F75897972D5858F3a536dD2e5EfAcC4fD61a4,4402068829825355
0x52f7B68eDC4ABE1443fb8a1848935eBfe269169B,4401219640212540
0x607aB28cD8D2b4f016382F5cCc4eF423Ea2ede7A,4401219640212540
0x4333e265A5640af11B8194CF75Fe4DEfafDEC776,4401219640212540
0x72FC4Eb059a1d3Ffa85fE897d9C4CE004a306C2A,4401219640212540
0x8965201466Cfd7A2D412161c623472b6F6A394F8,4401219640212540
0x47D228fb786BB14117625147f1055638F46b6893,4401219640212540
0x2519912f102F386A376dc79a30913355DA14FfD9,4401219640212540
0x385DB27193c7B14Cf7ceB8a949BB41c9Fa6755a1,4401219640212540
0x9e55958688a76229e4fd2d58D8987708693C2b47,4401219640212540
0x1A2923D39F11f4b0A47BcdEC29B30eC273dA0932,4401219640212540
0x1723e4d5DAAc7D6761941237d9a70b200424AF41,4289600066178540
0x024899F1b2E7c3CFc5E3db7F54Ecc284fd775d29,4237703364309984
0x7712EDeEC7F22539A303b43ea6B76818AEA848AE,4234496322724634
0x044110d7550B8860CE61FBb4e325aECD4205B0e0,4226068132283515
0x268EF519eDBf507Ed9fF31a3EaE96c82cBE1bb0b,4225170854604038
0x1e34b42F23871aaF6a8bFF113d7241aD6b936eE7,4219703747328944
0x3021A59F56cAe360183C40965D7059a4a73A7Ba7,4181995572512144
0xF15B1511616671469A533635A1966a5a81343015,4019224716555694
0xb9232a3dcf3148b218311bcEdfd369cBE31045bb,4005616045947193
0xfA912f18B414F1fB80dFD7CC300dA14e8c29c467,3814643235806217
0x757c338468002E17f62ee59fD32eca50F89Fd043,3731693081660097
0xFE7Ea4051D04c1103c1e5D20880209C225c5491E,3677465818387531
0x04c92983C9249115a4C719416Fd7e7A10B33CB55,3593405545994942
0xD9a0a16E5A634bF5a02962b667f17C65bAE14086,3520975712170032
0x6158A9FFE6404eeF6a2bdf331feba141f1723587,3520975712170032
0x2ff2D5D7f7eC55A305cE94585F3aEe2EC30bfe9e,3520975712170032
0x92860e307a1aEFEE004BFeE496c5622ebBa4b9C5,3520975712170032
0xBb932982fC7C8bfd3C2Ed8FFB31bBA1C406eEF5d,3520975712170032
0x66911f0d4C73A9189Ed29ecAFC1514236F51dD45,3520975712170032
0x7a3aF90701d9bFF4EF8A9e16bf326D29C9852fB8,3520975712170032
0x17a1eBec5AbE1Fc794D5f55562dCC217ad35F356,3512156665149184
0x41Cd286e6A61F430EE57c8Cd142B906D9FdbAbdA,3501061659719719
0x2d8Dd5B7fB0ca098F0A230b41E3c5CADA6F1F165,3481917852076910
0x651817b6B7464B61C6c6Ef87dA2BC84EE0E64377,3450112070852737
0x3a18C261beFaC3cC22728CAB6F8747eE8eEb06F6,3384256277661941
0x3B1925168A10632760C4fF9DDac7B6Ee7BD476ab,3306649123473703
0xe172Bd02F842e98183cDBb8294Bf23f625588D9e,3270801888110464
0xb56Ee863f444B1D58bd7eFEC48ee87A8aA3610Bc,3238554483763585
0x64CDb7F11a52569977F3012Da4e5B71aEEE5f0E4,3101543351990179
0x01172524Bd1c1Eb7B442ffd52e4e1e7740F1e8D4,3101538404692985
0x95DaDd2dfaC5a90a3c0E493B54e19e1B81974bB5,2807974768482449
0x18f580129709D1D84ad25de2436467246CA9875C,2771614775320392
0xacbaf764aD60a5A798cBAED817eEA54f25D6629E,2767126803614330
0x32aA35127B9f7Ba20b7B925CA9ba4a2a26d272ec,2728756176931775
0xa2FB1c3132FdB52d13791CC00E43f847B7AD6910,2728756176931775
0xE11E5A1257180412992C10DfC111c689eD45266a,2728756176931775
0x2BE6357B0e72d2b9bd81841c6daA9478Dc62E8Ad,2728756176931775
0xfe3bBfC82fD5bD555BE9179C9bb8cDdbbA384b62,2728756176931775
0xe491E3163Fc00dec55CB8C4c4FaD7fB3eA6df556,2728756176931775
0xD0B02C874a864ba681F4c873aC3eE9c16724FeCC,2728756176931775
0xD0e0027A31e7676541D39A533D0250Ee897982bD,2728756176931775
0xE09B507a9E06c49805c8A1E6A696e8bDE6AaEdD1,2728756176931775
0x7dc8a0DDF54623463375EfBD3f3FF52B091b869E,2728756176931775
0xCe72ADbF190Fa6261e6F97251ca8Ae9462171F91,2640731784127524
0x4FfD0A59a26cB2Aa76D403215e4cC2845C053994,2640731784127524
0x92377f0Af662c3c2EE80F44eCB08ce1d2726382a,2640731784127524
0x0B5f6a4C654E08A7ad6bf3a1C31Aa4a135e7AE64,2640731784127524
0xf13Fd4951485f54462DE0fb534851d9687d1ADea,2640731784127524
0x797f1ff177Bc38d0195D542F49980cc958C6A76a,2640731784127524
0x78a9bC1eaae4f88cB94e2235AC8ce05Fb345E841,2640731784127524
0x640b09F03023441b83FCB8A483c087f88b54fFc4,2640731784127524
0x1c85d6Ae1336D0e4E3F165bbfA9641bfA04CeDb1,2591873775548019
0x1dCBB7863137b0928AC30D9e834fFe166c0772A0,2589204001489172
0x277F7fB81C5Da3715738d82baA314D282517aa25,2588246452664263
0x137e854354b8E969D639ec11fae88F649f9974Dd,2559212912151364
0x1cc46367d9055Ce7d63f772368470E4e548b3B4b,2557976326295431
0x9A1480d681bAEeF973a13A15578892dC50c907e2,2553205495996626
0x5C0F3DE4ba6AD53bb8E27f965170A52671e525Bf,2456209930101721
0x1FAd5377181E3988AA194d2eE8F4eE887DF85AC2,2399110065427046
0xA2ac5662c353Ea53dcb43c491076bA500a0DD5E6,2381483410329441
0x002546438E18509065a981da6ca7c29E772ea091,2288634212910521
0xBB20C10584F490Cf6c25Cf8ad8509768267540E9,2272064144981867
0x597329dEa3bc52d19092b8B093CC8d2f4d790D13,2262868874313853
0x8ab86546FD3a0143EeabF4320693006f354201c4,2253950587049234
0xF5537988BBa6e602516DA76D5c91F7653c9f69E1,2249212617977970
0x1FFc958BC75D6a7d7fC673F8De6Bc3A580D1522E,2235819577227970
0x139219107C1eBE569f543C581b3B807Cf6740006,2215408312624561
0xC302a1Ae53Fc1bAe5Ee956568522920D00279078,2203925518823494
0xcbA14d8214f01e2cb98530Cf8C4bD5fcb89F9250,2201498131772020
0x3A373f0C3526E76CEf797DF93bDCa4a1435a6EA6,2191807380825845
0x5Ae71B6c3182C447F33067cee4906F3F777eB9b0,2184134355050977
0xCAE11F36aFb6Ef51D68917f865362623ff1231c8,2128436487014598
0x6Ac5755992F781674853E49c6846bEbB89AfCBC7,2119795581816497
0x8C26d185Cb5C56f52724C12e5e94822f12FC355E,2113408022755408
0x462bbbD98ff9bD45f1c52cB78601D50f43851bed,2106053109458360
0x12cB5f585bC8E383cD1a2E277dFA77E981Ab9aC2,2096797267858814
0x7DA02E5a5dFb3312A2B8487a04Cb6B062923618a,2076420908247786
0x49555DEbC46A2362578005B4948C2845E183B3cD,2059770791619468
0xcC44A3969A0230c88042DeB4f20baA70E133268e,2036179731415645
0x66cD50Ac34fB92f16f7724EC3C842d1289b1330f,2024561034497768
0xf42AeE77d0292e60d00de93A40Ee5d800ADE4248,2024561034497768
0x1FABa00BA2158e1d913De99d63ab24f7bF3218aA,2024561034497768
0x674737826ADE80D82F1C6FC4993BFeE188D82AEC,2024561034497768
0xc2262D84D1d6d7314d7F90B5780f11Da38ae6d81,2024561034497768
0xBD0189ea286Cc73ec069F8a128AdF40cBDbfF842,2024561034497768
0x85B5337083935789bF4d8532D61B0B91095258df,2024561034497768
0xe07f58A01fb0eE32ED3Cf3fC9ECf4A79daD2B5ed,2024561034497768
0x58F09b873DF60b082A94dA06b7942d357E067E88,2024561034497768
0x1b7598A37e8655E7e204F6236EB0002fE2ca4004,2024561034497768
0xfaC58E6545a5Eac1c459DB2f8209209f69F92c5F,1980548838095643
0xe12f8e5309682cDEa4A3F7160fbB25D0d111d9b7,1955437128251627
0x16B4C671Bc4F70e75Beb0C6280309E42161DC8A7,1940049215341508
0x3c862CFde08D9b33EE1506F9013C8eDc23f0E77F,1936536641693517
0x05B6fFeD25087784E201806E0e9992870cE6a697,1936536641693517
0xc3E55E870257Bb301169B198A68f948846819650,1936536641693517
0xFC7B9eb7779a7D51d4D7Aa37df0710f9f4734C09,1936536641693517
0x5543116C6790fd2b0de1fEBfC7f3307FbdE8d9e3,1936536641693517
0xE4B35fb59A209057D6f91e8C0419abD248cC61dE,1936536641693517
0xf6A6cf26111C6ED948991302dd887897879D4aE1,1936536641693517
0xeB498fd7aaDFdD878175a13BFae87aE479f734ea,1936536641693517
0x997d301701E257Dd0b1597abda5935A459AE8480,1936536641693517
0xA58d3F53dbAf7d647aEf9256bAea6F9c1427842A,1911180644421173
0x7B41b9891887820A75A51a1025dB1A54f4798521,1869247706116557
0x8a53FE49Ec9eaFf068B4a3C674fed53073a1F410,1848512248889266
0x05528Ff08664D75c86289E7B11A1165F79768cfb,1760487856085016
0xc1BcbE74305A789873e983aC10a7E8452796B126,1760487856085016
0x4426F66628E02299932c49C4685f4A50a5f8666c,1760487856085016
0x76eab94AcB86d33666b124d64f63e0D791c5Ee31,1760487856085016
0xc7e29B3321B2583c4136e06E72BCaa45512616B2,1760487856085016
0x5Ae888D461A8EB0b1283CA711E36E1472D4189C2,1760487856085016
0x179d6656f19e4F644B34A73219944747746164f9,1760487856085016
0xD8A5eB7681396734dEF95069648A11C8A05F7219,1760487856085016
0x8fc60a7Dce2d7CCdcCa374Ec65B079F9dBd136a5,1760487856085016
0x0329De16e97A198439b8BDbc34Cf0f95AcC16D4B,1760487856085016
0x6841523323Dcf953c884f3ab88F3f6d934CBd0Cd,1760487856085016
0x1758453998E614600c3d51F48362C7558Fa54617,1760487856085016
0xE76baB651e6d6b571d8C11EFb35a1633A4b7EcD2,1760487856085016
0x03656dA9Ce4AE3fC37CF5Ee491555936BA35CA50,1760487856085016
0xd200954Dee66E84BB9bc70cdd63dbE030932119C,1760487856085016
0xa68176387a8A58814B780529Df1D164d0904c9Ec,1760487856085016
0x4ecF18B838e9Af3451c3e0f6b45BEcBe95A9794d,1760487856085016
0x7D691027e283B2Fb65d72D1ebadfAA2495640F18,1745255412057859
0xD26D750bcDC8a44eb3954a8Da8Ccaf841356c265,1622828910553372
0x478f13BcBe532C8D0FeE9744Ebc827f138ee26A2,1599434354138262
0x0E336e7A44B994dAe19FcacfafD35a15Ba48F18d,1587639780607338
0x3F53Adeea32bf7a4e8cb196E97401A6FFF1eB937,1519067312537639
0x50c516Ad3B9720D2fCBDA68037050d6Ac55eAc40,1496414677672263
0xd4d0110AC7A282461cE4A5529846924178D39821,1430760816786619
0xfce5023cDCe75209dad93a199c63F21620DB4389,1354928825923649
0xf1A172755b4180Ae2fd86B640A4f3dcc356C2526,1301023567575070
0xE350f1B8b29007673AeA4936DedF9140e92C4052,1264670148809674
0x26D5091bf8353f4553dfF080d6687d434dfB6408,1232534232759396
0x3e12c5830ff80167B5aA9E85f364176125fCd75F,1227129222947363
0x5eadc7B7c89F8f5b9831D0C9b2f568d0e07fe381,1227060035691256
0x7E43dd25B0AB69A0784E4a5b3F2e17F341C5D0Fb,1130863113613288
0x5c42b3e6ea276D3b3E448fD0469D486b3c4d0B6E,1105791102448837
0xa3FDa2F536EF3b64Ff76a18FEd57F7d7C8508f31,1074053062798071
0x96D07513fAD530Ca141A78bcC53A479Fc1d72d69,1062987690616941
0x984061A332F0D28e3Ae8875Ac953e2aB38a4608a,1049719992786194
0x85593464c9dd38eC4625EF44e60CD6e8045Aa067,987790445194351
0x4D4AC65513fEe380c596ac9EdfaC588782831bdf,968268320846758
0xFaCEc1c32AE56097866A6c1dDA1124f2C6844F40,941075070926874
0xC3B83fEbBdf3B3fFe774161Cb535099c65cD7fa4,924256124444633
0xBb9958E9Cf619848026D0e85bBa80eb52dc3389C,924256124444633
0x68F2DD4a5Bf9086CBC1620a6652F766D969d08C1,924256124444633
0x924bdE4Cf7CE16cd40F0Df2d2bd1D00FdDAdfFA0,924256124444633
0x2E247BB96683abd0444E0BbEe2614bE12E4e327B,924256124444633
0x96fDbac3799737c6984bc956CfcedAc58ef274a2,924256124444633
0xeC46969CF685a5C2ed34aA6DBD23E16B95342797,924256124444633
0xA00F3667C2B508cD1057b1151fb95eAB2128F17f,924256124444633
0xcB55c3316A3895D27437A32a449E9fE11613af6e,924256124444633
0x5e6A8C502ABAAd07c8C436823b0cB702Cb87e1A3,924256124444633
0xDAf399BaAF8ABFA2f307c73Bf498437c4DA1109e,893122894590307
0xaA9Ba6E020f00642233C82161Ce86F04C6156496,889046367322933
0x71df93Ae5A9a2ba5064aE90b9690b4fa9C413387,889046367322933
0xe0a599b0d20348Dc5cf742c2cc8eCBAbb5Bb07CA,889046367322933
0x25F67793A1BFb1Bc2dC7acb1b8793f078d939354,887469515240897
0x6E9497fAD34B9C554a7926989051b20d681aBCe2,880243928042508
0x5925dDcFC5A1c03A4Dd3f7643753218bb2B4c190,880243928042508
0x255b45C04F138a037aFe7C57dA3f8d1cFB4115C4,880243928042508
0xE84f05A482C8C872d0327C1E61C95b4F5a2aFB8c,880243928042508
0x4F2Aec2bEC8127298C17BC006284eEA27d83e87c,880243928042508
0x431b5DDB0AcE97eBC3d936403ea25831BaD832B6,880243928042508
0xCcCE0cad424893Aa8756E4D28FcE3DD03d9615de,880243928042508
0x0D421b61B42433876cDE49D84f46757D4a633199,880243928042508
0xCD531EfADb2a5Fc230EE1B55a510Faa5E33a2FB8,880243928042508
0xBB5e5f44271d7F73c0e23603D00eD88c45544fDB,880243928042508
0xF447B405fC7b41DDfeF3CF66EC790EaBd6b26A47,880243928042508
0x795955044c990f85511F367b4f6Dc261D2048fFF,880243928042508
0xBE24eE4E46cE0D05Dc325549B56cE87e9F8e1864,880243928042508
0x21a44fb5A150639589e1CEFd065745e0809a5Ee1,880243928042508
0xccbb790E16E1fcF65fF555b71a004201ed9c954D,880243928042508
0x53543c4BAE560a6C31f87b6eD072e8140FEeE539,880243928042508
0x70F781037a1155f3B45b2DFFaaD2eb8dBDa6098A,880243928042508
0x4F80B5c475fcEd34fc9A07FfCcF39E1Adc1406bf,880243928042508
0x7d022802447C037839aCd6D276136085AD95c2Ce,880243928042508
0x61F3452194de23C765560415894f0249560eCbdD,880243928042508
0xc070f43A770c6435AE5C587D27b7c53641D645C6,880243928042508
0xdeC22FBd0AcaDd2C5b0Ce6E26A4b5FbdeDf9825a,880243928042508
0x9dbe7Ef6ad6078d9AC3E826Dc8DA73e697ceEa1d,880243928042508
0xF25d523B15356911523a61394158472162bF9Da1,880243928042508
0x9fE1381bbf84Af2BD3d1c1EE48EeD57e475f3F30,880243928042508
0xfe860A31A128c7d1FC4Db25D0d67905970124652,841412985710634
0x125d4a5590e999999bdd027E839515BE81B5C6f8,801215430244402
0x8A7FA260E4b825a5DfFccdeCE81C78eaD27D3643,799336285234074
0xfE6282014BA209b276fAb855aedf16feB48FC811,796528141980094
0x4a6B5B30a5e354eAE5031F4337d094b66161F548,792219535238257
0x3946bc29197BF793CB796243109b39b019c3fC00,757361992122155
0x708cFF8878c2e19a8c564EcDbD664F26b0f64E1e,756351923858165
0xf5f862a8B4087B39e7aBF82C6c606a8B9D6f2fde,732501446554498
0x4325708EC1f246Df99B99E079314BaF1b4b9f098,726387321606801
0xA1D5D2d931b532A0503e97f540f65ed256f374e6,714729845294143
0x483e823d36e8Fbd3bF7EAd647D2685a95BD054ec,691723224053532
0xC2eCBaD563eD79af01b0fb8FF36e34543D134EE8,642953123017494
0xeC5897C5466558Cef257401a92568B543aF6a864,616170749629755
0x84c2D507920ce6f553dEe92eAa81f869E9c82267,608494469167483
0x9DbDeeA752c6d0213D0632dC7d764B8C4C093e10,599707628476335
0xB98cBF09e757E440CA228795EE32e1C44D7BCfb5,597560697778605
0xbf96D222F6a48c36279De83d00624245CB2274CA,597307280410710
0xaeac266a4533CB0B4255eA2922f997353a18B2E8,592241780948372
0x0BC2aAEdDb5Fa37fdC397D4c00ef3a642C781724,577416823319712
0xb379DD027643e23df9762A7dd011ABF0c0DF95F4,576390168926085
0x9895e2025bcC648C00d77B99d4F49752d47C48d8,574915255251103
0x411d209E4874E00Dd550de43190224515b28fAFe,571599668193952
0x680F7bF08F1ba3F6017E076b76cfC5e83AC8fd6c,550609269253204
0x2ac6D841a579fBa2cc6FAC1C310b9A48CB042Cdd,533679918184294
0x82EC56aaf7aA35C6ac62B598E6C964a4B186f775,520813527256636
0x7a0222dee3519854468f31154a4349C92814875F,514636196969122
0x47f38EbAB9594AF1653350D710E3624AEC98eA24,510667521569452
0xe1F7E15F3baFE9e2b999bA0758a5238De25113C0,504961646013482
0x83eDba88Cb46F4B1Dddd94458C2f952F24E95c45,489237002400145
0xf07cCae3e7d70152E9c7210765948a567473582E,485014404351421
0x465c63680F2a0B4277d9b4CEcC3f3310e531A77f,474442424252062
0x343006c1c709c2be343a4d3bdA187a2447861Fa3,440121964021254
0xf4Bff4FAFCE6bb93eaEAb4C5EdEd3ea681250d5E,440121964021254
0x237C6bd2C383Bfd1B91574Bf79517471a3106C9a,440121964021254
0x846BeF8D0FbE98f7C74a0Ad53f8DEcC8c10d40D0,440121964021254
0x337B17597275D1655691EC0B6f851D02be54De79,440121964021254
0xFd3020C0ecF03f798eCc3A47273a04D7DCF9Da18,440121964021254
0xBddcd5ba6C7f98A0b560Cc827E78Dbff13bdeA23,438119292650575
0x1F99D1Bc5dCD5A87c6bCB40655A7438F99B6B601,436355807963353
0x1790096B653e35202f68dC98137f9a80dA2e2d2d,427798549028658
0x31A406EfBD18897c85A028CA2Ad9Bbf06FebAA2c,423875199626375
0x0922B44805CB5D90F35F3b9781aFf83b47D722d3,413714646179978
0x8dafc11Be620d183DFf019bde98d8b96db395cF5,388889777629989
0x10e80A47A3181fe222D6DD09eB2BCFbB98e9e8C0,387307328338703
0x491d5C091c496716061cDAF1C40247f056F3C0Ae,379297108593516
0x0a8558A422051b0F3bB6b6aEa2b20a25e7774473,378679540631302
0x6D29eB3fE1229DCcCaFe51A085234A0c76Ef6c8e,362300133941173
0x0FaBF63fF612D3103115dA09905AE8B744d9E258,360051203852530
0x2263c638f36e445AC6871B0B0D903644F34Ab540,358363547505432
0x70c82896F16fCa8276E4640756AED71CBF636909,352097571217003
0x5350aD1434e9028F381b8dF608A7c426be371aB3,352097571217003
0x6Fc4caa6F7dB3f4E6547D35b37E0db2e336d7e39,352097571217003
0x34BcbaED2C1769bEd6C3F696DE32A548cc0Ca6f3,337650312119339
0xbf5Fce55793c4188da85D4f03f8a4D94b1569024,326136182504552
0x41cc4Cb5ceda87D855758c5d680f435dCC3719d4,293448821845111
0xE324883c92eBda782262c93934111189CE574382,291349263261006
0xddA42f12B8B2ccc6717c053A2b772baD24B08CbD,285235127344197
0xE98663EBA83612495e4bEd5B245Ae1fA31B55270,272875617693177
0x6571ac3caA924B3A536dE1f6c42084E4d6b76dea,271933756690172
0xdb5f1162DBf44fB2d9C5DdA4D524b54829b480b4,264073178412752
0x9De5a1894Fd629A92315B0316Ab47cC0D2221ba4,264073178412752
0x6c12E1bB5cae1C14b5a320F66C1d3d0D47314Ce9,264073178412752
0x6ead4a158fE628E97aFb179b1f8c58Ec61aFB6e1,264073178412752
0x6704284221179b58aeBC7FF940D876B81de094c7,259926843661357
0xC0283503E61F7d34c8363d349227Ff1fb42066e7,259159647491668
0x47b37E124Ac685bFE36b0937eB0fB13edB94A12A,256009197478385
0x540a0027509B1C9aA0a2c5C65491cC97083E16de,255830046517781
0xa8fA29515852289861f37A94DCbe633C14Dc6d1B,255450356702704
0x0fcCd4F4B1A06f1B7c9a109A59F96145f5b40c7D,240964717371162
0xc03Edbf9B3FC06Fc48dC482BdABd4282f70fD2Cf,237665860571477
0xE2F1BD288A2b45b3F75016dc69f4Bbf03d87B441,220060982010627
0xe7Bb4df157bd4f2DC36E681FDd02a85d7501BCFD,217144698417460
0x3984332F9d2FF818558b3826f7Af16e1c0F27883,210187917319051
0x13F54f73474EE7Ba8f9c34Aa3bDA3f8DCebcC9d8,207122739613869
0xC419eC29DAcA416514668DE21E9c4E9434119dE3,199247639817460
0x8cE6Cf23c18202Fbb9b1206B596Ed58DaE30cb13,193059701888574
0xE776cb517203849C5B52b4059d867CD1Fc1727c6,184851224888926
0x20e941d95b636BE57B62741dEF16fF5D07973090,181700145220628
0xc269d8210c5892C24cA9eA47AC3e826e6081C6F5,180667816993037
0xbb8F6532f791b11199213E0Bc4c7b362EB6C6cf0,180290960500009
0x446B4B5790c471737201008112673e575D0E63ad,179692914327222
0xA999D0213a54f4682a7ae3733476b54624425159,177704882637448
0x5290220F6c834734B974bDDA379d262550316Bef,176048785608501
0x0894c86914c32A7409634e4f8D1B117e26B2872c,176048785608501
0xc3b4BD2a9Ac99b3756dDcbff86132f00B63b3cc0,176048785608501
0x028AC18207DD3f5f05cf82d7A01D1c09048F68FD,176048785608501
0x46DD290A71146f23c4891e644B85B1bD78370f4B,172381284523755
0x585d2E075e614dFF0e5B34F217559081Ba75428E,132036589206376
0x40360F4F0f87517664dFfE28047B9D31145B6BB1,132036589206376
0x19046ee4e8e784e53189736588DF138336Ab8776,129576451975022
0x50FF0A42Bcf2066Bd39cBe9f93D84D0975a4248f,128831876130157
0x40527B1c0e6f780d4597E7aE8efdcE434653e7c0,123234149925951
0x58d908a3A5931F3b744e3c442aC7624D2b20973e,115415493863418
0x9452A94e92D3BF33f5f441c1B6DC4be58d1967f5,112003474249456
0xe219343E6dDdD9D82aD44Cac95a11111E5EC31A1,112003468510782
0xDE37657e061e28c84C84A9a931CE872Cb0590204,112003462772109
0x7CB01030359378d2a327aF5B1EE740AF856e064e,112003457033436
0x60F7A5D202e6dae71B1CECbd40975a560086D2d8,105728121812768
0x1D7c6dF44fd2bde8A7B3d49172D8df70cd746Bbe,104699335266789
0x25e58696FBC8eB88301Ee06a57f77d9f0715Ec97,88024392804250
0x002748dB885D4CCfe3C7C92143f0805F4eBEEC01,88024392804250
0xB3677F6f3D2F529824a021db5D94B61ebBCE8563,88024392804250
0x72A0B75E4c7229219678E7194c05df2F54A9bcE0,88024392804250
0x3eB210eAa4026f62D027fafABA1fa5592feBb06A,88024392804250
0xC754bcEb13D663cd7911028daA7d4efEC2B76d9D,88024392804250
0xcB15649D7B7a1eb01fb1ACD14809de6cF82Aa1A0,88024392804250
0x159A41B21ba35A2af3eb297371C116DBE07F525D,88024392804250
0x8C587DB57d05C086177233D3BCB25a7739419c71,88024392804250
0xa7F053d0a4dF46577428B84Fb3A59e98775eE698,88024392804250
0x650665CFE3A4bF0fb2C56c62527Ecd856c3D7A23,88024392804250
0x28F67819D2dD454722a33388aFadfbF970Af8903,88024392804250
0x1b0651606b2aCf5e1308f510C75A8106dcF1a266,88024392804250
0x1409a33f39F9e8a43dc2d33C47b7b75E18DA310D,88024392804250
0x201f5eAbba4d62e692356C7C76648799AE0F7fd8,88024392804250
0xc04fc7eAfC0B8553b74568e26A8c515321645ca1,88024392804250
0xaAf65C498dECC18034D8D25ff1697d7F2De7E3E7,88024392804250
0xD3B0bd1B1D169DAEEa4fe6eeE1c3016c6Ac4fBd7,88024392804250
0x4C615ADA1200e54ea81A4A85F263F1c94Be73DaD,88024392804250
0x48da9D54b240d70ebF0234C10CE065319dC6aDF2,88024392804250
0x3fD9B284eF8405F82B05062A99157e938103Bca4,88024392804250
0xAC817B3C5577D104420b3fe01B4Ac1B7126Cb000,88024392804250
0x24e36139e5CAe19d92d35D93b3E6e36050712ad1,87144148876208
0xc5fd654bA7c9C9d6b5710Fc347c1306e855Ec582,86245002302595
0x71DB4AcB731236BA67482bEE3268a80b9CFf2943,85275031373683
0xC224cd7Ab43c5150Dfc60B153a433a43600107F2,77272550882919
0xC85032a2e77bE215A095Fc8b77C0E3e16Bb69BF9,70531467046907
0x66C6CB0154fe2C42807B49f1800Fa8C21b3D5DCe,61924826111049
0x4b9073507DBF00a536Cd80c0dA49672979180f66,59095183986924
0x5BD39fcEE33D45C5c5f615e09D2AA785Aa0c36C6,56806358459035
0x1B144A2F9Dc2744198d56D23816Bc5f1B1A82F8F,55251522006166
0xF5F155dFc740A89FFaA17c4f6459aEc7D7206413,51053456009393
0x93e22ecd5b8a4dA8C0e97D7158C060612E7115A3,45785862197624
0x74B3Bb13Ee674428795877742148C97124EE7358,45359849855958
0xC233cA7483651cdD01BA961E028777Ea537260ca,44012196402125
0x0574f40BD452db95B5b402b329687E60679042E0,44012196402125
0x7F12698Edb37F3647ece93B99Db0a0e95282f837,42851297526171
0x00E527cf1F4FdB4c79744F1E49cBB1Ed2B8E63ba,26407317841275
0x994B99e259FFc9134BF9504c6a42387DeFe54515,25294767970628
0xC398220de66c6d664b91148668fA754f8597cdaC,24121904916735
0x95297465b4AE87460c26100bAb3614CAe7AF5F0f,22954093087727
0xaaAFCc120F19f565c3d799c2e7e66A807A4D3adD,22336724585669
0x3426648b4cCCb33A7dF81D69993b71EF5e7207d7,22006098201062
0xCEF28ce7884Ae973990fb826C1986afaa9319B9A,20773756701803
0xD49a083446BeEE8f2e8745Af612aD2689C2e60Cb,17604878560850
0x726B7882E99cF99f06949311D44cd818b617Db8F,17604878560850
0x2c640E60C2B388a595Ac805a2283F6B6f2ad7FEc,17604878560850
0xbF37a2F4f1EAFE152E8336465CfAaD1FDA44b588,14079501629039
0x2764A735b32b1Df4287FB5D7B556f8004D82aBb0,13464211123338
0x7E8787acE247C651a6645b9923c5408B4d9f0638,13432522341928
0x58e936c08dFccEB8FA29f355d1dDBd4b17818A8B,12463520096003
0xADD2F9A2c8B74cFB1B8e8fd563531A46B86A8995,10059930606200
0xdD62107B880489C9183b01Bc231De0631fD050C8,9682683208467
0x739608e0355686f66DF8C8D456e99F73fcE7A890,9284952656159
0x5f0b97a831f512d821db553a13B8DceDf00C28E4,8802439280425
0xAe7e2AA76f463Ca04812906F9c8C3D870704bD8D,8802439280425
0xcd0b67a61E5e8F4616c19e421e929813B6D947df,8802439280425
0x206C6544C2165f734CFC0233c5be0dbAB88Acb2d,8802439280425
0x627696dDcaA9428BFd52a86F713cE2f754F1DCa6,8802439280425
0xf9eB79ab4788f97f80E2Da0C11efb4f64A7d2423,8802439280425
0xc4d4Fa5F9A1C9C238a1A692FD6C20470092Ed80b,8802439280425
0x9E1cC320d7813364F57BA34eC9c0707E52C2D79e,8802439280425
0xB8c6863c7db39e11be196ECBC705231F3eeA05AC,8802439280425
0xb7243AC8d8ca7C174B1c78aA4a2Ef3eB69Ff6ce9,8802439280425
0x3367A005c2bEf54f2836a616ce3E4Fa2d35910da,8802439280425
0x6f4B751cCB1D3bb498E86F0373c29F6158b8e1D2,8802439280425
0x43262f7556812DD864A31ac28d1A25B6624AFD3D,8802439280425
0x6c28F443C491F941dEF2fd983F4ce044e1C52a29,6489761367628
0x1512DB8e7604Ff3D798C4932f544Df02e49D071b,3682655085019
0x124f2924fB4119d172be1B3b8800Ab2C83A7B248,3544509898471
0x2F061aA574882C84649230b475a44D35795cC018,2091303769853
0x0949C8d6aa7aD809ea08216f327ecF8a3C6B6518,1760487856085
0x54d2e6e361D72655e25A0892E6B847D643Ac1d5B,1665183150603
0xa6D51779B45bDf1C5b6BD0Fe86Be2C2d9481e69d,1118124440251
0x44250e31407E99E635ce7E93682def938428dbC3,990855380040
0xDB0E9234DEc3709ADb6D5c120CA1e4645873b4Fb,880243928042
0x2687a83c367541913E80113Bd457DC2f04a512C7,880243928042
0x1bbB6F7669F8e35a4FBb71999550f06bA67020bD,880243928042
0x4A51f8CB54EDc4f3BD201607F5d7c91BD3986593,167938218055
0xceDC35457010Be27048C943d556c964f63867D64,79221953523
0xC1Dff1625272Bb68aF95c1d5c4172DF86BACb78b,8890463673
0x7bE47925B5b44C9F713DbAc829cc3F63854DF235,8802439280
0x76836f5FCF65f2828EABd92FDa36ad1211912140,7658122173
0x92f7b6F2c32aE14292aC924B4b069D29751c7103,880243928
0xeE2343f8C3efd59ea73b909809d8fA300B133dEC,880243928
0x7d288Edf78f0cfb8E337961D08C7e172899cd037,3
